{
  "name": "puppet-filemapper",
  "version": "3.1.1-rc0",
  "author": "Vox Pupuli",
  "summary": "Developer extension for permitting complex manipulation of file contents as resources",
  "license": "Apache-2.0",
  "source": "https://github.com/voxpupuli/puppet-filemapper",
  "project_page": "https://github.com/voxpupuli/puppet-filemapper",
  "issues_url": "https://github.com/voxpupuli/puppet-filemapper/issues",
  "dependencies": [

  ],
  "requirements": [
    {
      "name": "puppet",
      "version_requirement": ">= 5.5.8 < 7.0.0"
    }
  ]
}
