{
  "CHANGELOG.md": "653e3b91e151c674ed2b6e203960c079",
  "Gemfile": "c1c31feb011e8c79b4097f5a2b62a7a8",
  "LICENSE": "6089b6bd1f0d807edb8bdfd76da0b038",
  "README.md": "c9597586443a0c6100f3d2741f10ce0d",
  "Rakefile": "90f5e04fcf98664dfce089ec2dae2109",
  "examples/init.pp": "3b71d0c38a99726114b085ca28dcf533",
  "files/dhcpd.hosts": "f3be005eb6404e8e97be43fd63720af4",
  "files/dhcpd.pools": "461545f7d46e5dc0e1e6f9bdfad32d1d",
  "manifests/dhcp_class.pp": "2a81d1b9e1a090cd578c84f42127164f",
  "manifests/disable.pp": "506f17f6d9c8d75022a35ef6510095a6",
  "manifests/failover.pp": "91515d33fe07d941bb5b864322a4d334",
  "manifests/host.pp": "d2b3eba80aff7ed7a62c7c29de4cfc99",
  "manifests/ignoredsubnet.pp": "52aedc1458a202ffb7485fd93e2ced29",
  "manifests/init.pp": "f414120d0908991aa9f30c4c2e58400e",
  "manifests/params.pp": "a318bebc4bf3f6e8f124b847e79c87f5",
  "manifests/pool.pp": "ac4fbd5f7d3402c6bc243e88c720c54d",
  "manifests/pool6.pp": "bb9b3f787779ea48ecbd554de71f2516",
  "metadata.json": "627f0de7816db3538b9b0127c3aa66f4",
  "spec/acceptance/class_spec.rb": "00d9ff73ecde9c1da170cc8a22bdca55",
  "spec/acceptance/nodesets/archlinux-2-x64.yml": "daafcfcb4c8c8766856f52cec6ae5e86",
  "spec/acceptance/nodesets/ec2/amazonlinux-2016091.yml": "b3dc2d81918fcc6d56855c88ba5b7ce8",
  "spec/acceptance/nodesets/ec2/image_templates.yaml": "516f9c4c3407993a100090ce9e1a643c",
  "spec/acceptance/nodesets/ec2/rhel-73-x64.yml": "e74670a1cb8eea32afc879a5d786f9bd",
  "spec/acceptance/nodesets/ec2/sles-12sp2-x64.yml": "2506efcc9fb420132edc37bf88d6e21d",
  "spec/acceptance/nodesets/ec2/ubuntu-1604-x64.yml": "87efd97ff1b073c3448f429a8ffc5a7c",
  "spec/acceptance/nodesets/ec2/windows-2016-base-x64.yml": "e9db4dd16c60c52b433694130c2583a0",
  "spec/classes/dhcp_spec.rb": "b7e1cdd934b6e7bb3c4b8c1a75046d54",
  "spec/defines/dhcp_class_spec.rb": "93722076fa5c3fea06c381ccba07eefb",
  "spec/defines/host_spec.rb": "cbbccd85f26b175fc14ea7a76c72f45e",
  "spec/defines/ignoredsubnet_spec.rb": "1f5a4cc1afa08fe2dfefd245e36350c6",
  "spec/defines/pool6_spec.rb": "ee9b529b61db8e8d58963865e3e1dd87",
  "spec/defines/pool_spec.rb": "3e5c3d637dbfe6440877ccf0de553d00",
  "spec/lib/module_spec_helper.rb": "e7963bb1489a6c68f6feaf884c5ebd5e",
  "spec/spec_helper.rb": "a66b643907fe4d911e659943ed920d26",
  "spec/spec_helper_acceptance.rb": "77645a0428273c3c4e0650e75f0b516d",
  "spec/type_aliases/mac_spec.rb": "9ccf5aef48a461c879034033471acbd7",
  "templates/debian/default_isc-dhcp-server": "fe8633148d6d0f425bc3e6719e39b704",
  "templates/dhcpd.class.erb": "e83fee74d24895346b444bfe807beec6",
  "templates/dhcpd.conf-extra.erb": "12cc2e5b59fb1093537cadbd50dd370f",
  "templates/dhcpd.conf-header.erb": "9489c5df7dcc69f9831e90fc5ecd28b8",
  "templates/dhcpd.conf-ldap.erb": "2f39252f5ad4012fd859afa2f6090ca7",
  "templates/dhcpd.conf.ddns.erb": "9723b4b21eef88c25940107cbafcf492",
  "templates/dhcpd.conf.failover.erb": "4275ef2503035b3430653953be2b92ce",
  "templates/dhcpd.conf.ntp.erb": "38c2fad6219dcd8ec42d2fdcdc7b95f4",
  "templates/dhcpd.conf.pxe.erb": "5cb3d96cdf04a137438c76ffb3877965",
  "templates/dhcpd.host.erb": "c0ab53edd4d52cdb518b8fcb11d2265c",
  "templates/dhcpd.ignoredsubnet.erb": "84010863bfc9081fa123f3019e51b981",
  "templates/dhcpd.pool.erb": "bfd9f51bd6d17715a875ec3a4528e7a3",
  "templates/dhcpd.pool6.erb": "1c98e422cd4576c1bbc1af3350f10465",
  "templates/dhcpd.service": "212f539750a9ef7ac835561ee8fafb9f",
  "templates/redhat/sysconfig-dhcpd": "c06e603108fb3173535b1c5ddb481cd4",
  "types/mac.pp": "f30324bed986ba604ef3154e661759a3",
  "types/syslogfacility.pp": "b42cb15190dc5b8ce4e0f1ae046d24f4"
}