{
  "name": "puppet-dhcp",
  "version": "4.0.1",
  "author": "Vox Pupuli",
  "summary": "Manage the ISC dhcp daemon",
  "license": "Apache-2.0",
  "source": "https://github.com/voxpupuli/puppetlabs-dhcp",
  "project_page": "https://github.com/voxpupuli/puppet-dhcp",
  "issues_url": "https://github.com/voxpupuli/puppet-dhcp/issues",
  "dependencies": [
    {
      "name": "puppetlabs/concat",
      "version_requirement": ">= 4.1.0 < 7.0.0"
    },
    {
      "name": "puppetlabs/stdlib",
      "version_requirement": ">= 4.25.0 < 7.0.0"
    }
  ],
  "data_provider": null,
  "operatingsystem_support": [
    {
      "operatingsystem": "Archlinux"
    },
    {
      "operatingsystem": "RedHat",
      "operatingsystemrelease": [
        "6",
        "7",
        "8"
      ]
    },
    {
      "operatingsystem": "CentOS",
      "operatingsystemrelease": [
        "6",
        "7",
        "8"
      ]
    },
    {
      "operatingsystem": "Debian",
      "operatingsystemrelease": [
        "8",
        "9",
        "10"
      ]
    },
    {
      "operatingsystem": "Ubuntu",
      "operatingsystemrelease": [
        "16.04",
        "18.04"
      ]
    }
  ],
  "requirements": [
    {
      "name": "puppet",
      "version_requirement": ">= 5.5.8 < 7.0.0"
    }
  ]
}
