{
  "name": "puppetlabs-stdlib",
  "version": "8.1.0",
  "author": "puppetlabs",
  "summary": "Standard library of resources for Puppet modules.",
  "license": "Apache-2.0",
  "source": "https://github.com/puppetlabs/puppetlabs-stdlib",
  "project_page": "https://github.com/puppetlabs/puppetlabs-stdlib",
  "issues_url": "https://tickets.puppetlabs.com/browse/MODULES",
  "dependencies": [],
  "operatingsystem_support": [
    {
      "operatingsystem": "RedHat",
      "operatingsystemrelease": ["6", "7", "8"]
    },
    {
      "operatingsystem": "CentOS",
      "operatingsystemrelease": ["6", "7", "8"]
    },
    {
      "operatingsystem": "OracleLinux",
      "operatingsystemrelease": ["6", "7"]
    },
    {
      "operatingsystem": "Scientific",
      "operatingsystemrelease": ["6", "7"]
    },
    {
      "operatingsystem": "SLES",
      "operatingsystemrelease": ["12", "15"]
    },
    {
      "operatingsystem": "Debian",
      "operatingsystemrelease": ["9", "10", "11"]
    },
    {
      "operatingsystem": "Ubuntu",
      "operatingsystemrelease": ["14.04", "16.04", "18.04", "20.04"]
    },
    {
      "operatingsystem": "Solaris",
      "operatingsystemrelease": ["10", "11"]
    },
    {
      "operatingsystem": "Windows",
      "operatingsystemrelease": [
        "2008",
        "2008 R2",
        "2012",
        "2012 R2",
        "2016",
        "2019",
        "7",
        "8.1",
        "10"
      ]
    },
    {
      "operatingsystem": "AIX",
      "operatingsystemrelease": ["5.3", "6.1", "7.1"]
    },
    {
      "operatingsystem": "Rocky",
      "operatingsystemrelease": ["8"]
    }
  ],
  "requirements": [
    {
      "name": "puppet",
      "version_requirement": ">= 6.0.0 < 8.0.0"
    }
  ],
  "description": "Standard Library for Puppet Modules",
  "pdk-version": "2.2.0",
  "template-url": "https://github.com/puppetlabs/pdk-templates#main",
  "template-ref": "heads/main-0-g51828b4"
}
