{
  "CHANGELOG.md": "6826c35def69652c17eef42a7def5c44",
  "CONTRIBUTING.md": "4d17f3c942e7c93d1577cc4438a231e4",
  "Gemfile": "ee4c9c171cc962d88021e2dfc111dd46",
  "LICENSE": "3b83ef96387f14655fc854ddc3c6bd57",
  "MAINTAINERS.md": "d4a3929fb93e7d568804d6ea9f94990d",
  "NOTICE": "b5741ac4dac4e556f031f210ed1a4d4c",
  "README.md": "525d9d9d2910befcc9c038384267abe8",
  "Rakefile": "3851f083966b9bbd6d46e50dba5aa52a",
  "examples/init.pp": "d6d93d3ff8a806917f27c99b8433fb95",
  "locales/config.yaml": "f1dc453fb58660a8f613eb919a351713",
  "manifests/file.pp": "79d1b8a9fcf7cf087afe6237a179b8fb",
  "manifests/init.pp": "0b2d0a475592f484cedb3e3a15cae5a7",
  "manifests/params.pp": "e07ca13b380e797bc96d6c3f0bc5f533",
  "metadata.json": "85e0794372259d8cb1d206423154842d",
  "spec/acceptance/nodesets/centos-7-x64.yml": "a713f3abd3657f0ae2878829badd23cd",
  "spec/acceptance/nodesets/debian-8-x64.yml": "d2d2977900989f30086ad251a14a1f39",
  "spec/acceptance/nodesets/default.yml": "b42da5a1ea0c964567ba7495574b8808",
  "spec/acceptance/nodesets/docker/centos-7.yml": "8a3892807bdd62306ae4774f41ba11ae",
  "spec/acceptance/nodesets/docker/debian-8.yml": "ac8e871d1068c96de5e85a89daaec6df",
  "spec/acceptance/nodesets/docker/ubuntu-14.04.yml": "dc42ee922a96908d85b8f0f08203ce58",
  "spec/classes/tftp_spec.rb": "7c57f5dc8bd5c34e318466388d727ca9",
  "spec/defines/tftp_file_spec.rb": "4a7db3a3ecf230d277476f3e3a2c3051",
  "spec/puppetlabs_spec/files.rb": "5f7d2da815b3545f1e3347fac84a36c8",
  "spec/puppetlabs_spec/fixtures.rb": "795629c4bcad28bf3bb91ff6e5ce97b1",
  "spec/puppetlabs_spec/matchers.rb": "8e77dc7317de7fc2ff289fb716623b6c",
  "spec/puppetlabs_spec_helper.rb": "b8e2c657fb91ba7129e679d133169986",
  "spec/spec_helper.rb": "4441943d097cce7fef56e528d16de72b",
  "templates/tftpd-hpa.erb": "545ff0c0f7b14a788356a3e9b19eeced"
}