{
  "name": "puppetlabs-tftp",
  "version": "1.0.0",
  "author": "puppetlabs",
  "summary": "Installs and manages TFTP service and configuration.",
  "license": "Apache-2.0",
  "source": "https://github.com/puppetlabs/puppetlabs-tftp",
  "project_page": "https://github.com/puppetlabs/puppetlabs-tftp",
  "issues_url": "https://tickets.puppetlabs.com/browse/MODULES",
  "dependencies": [
    {
      "name": "puppetlabs/xinetd",
      "version_requirement": ">= 1.1.0 < 4.0.0"
    }
  ],
  "data_provider": null,
  "operatingsystem_support": [
    {
      "operatingsystem": "RedHat",
      "operatingsystemrelease": [
        "5",
        "6"
      ]
    },
    {
      "operatingsystem": "CentOS",
      "operatingsystemrelease": [
        "5",
        "6"
      ]
    },
    {
      "operatingsystem": "Debian",
      "operatingsystemrelease": [
        "7"
      ]
    },
    {
      "operatingsystem": "Ubuntu",
      "operatingsystemrelease": [
        "12.04",
        "14.04",
        "16.04"
      ]
    }
  ],
  "requirements": [
    {
      "name": "puppet",
      "version_requirement": ">= 4.7.0 < 6.0.0"
    }
  ]
}
