{
  "CHANGELOG.md": "94eec3079a3e9bf9094e6963ed906687",
  "CONTRIBUTING.md": "4d17f3c942e7c93d1577cc4438a231e4",
  "Gemfile": "ee4c9c171cc962d88021e2dfc111dd46",
  "LICENSE": "3b83ef96387f14655fc854ddc3c6bd57",
  "MAINTAINERS.md": "245f57dfb612463ba31e10779e8e1121",
  "NOTICE": "9ec5e1cdecaba102ea70b38e7520591a",
  "README.md": "ada5ec003ff2b579a7f7bbc839471886",
  "Rakefile": "3851f083966b9bbd6d46e50dba5aa52a",
  "examples/init.pp": "efce0952534e5682ed5b82632a34a2f7",
  "locales/config.yaml": "7df663fb4f341dd341bf25d3c7603c30",
  "manifests/init.pp": "1105a0f013505a99cb383339f4e5a90c",
  "manifests/params.pp": "447468bfcbc6a374beec3f963f81db80",
  "manifests/service.pp": "44dc6c7a966f67ef0d63493a92343406",
  "metadata.json": "a20085564d1c386bf558bbf74bdd1e5b",
  "spec/acceptance/nodesets/centos-7-x64.yml": "a713f3abd3657f0ae2878829badd23cd",
  "spec/acceptance/nodesets/debian-8-x64.yml": "d2d2977900989f30086ad251a14a1f39",
  "spec/acceptance/nodesets/default.yml": "b42da5a1ea0c964567ba7495574b8808",
  "spec/acceptance/nodesets/docker/centos-7.yml": "8a3892807bdd62306ae4774f41ba11ae",
  "spec/acceptance/nodesets/docker/debian-8.yml": "ac8e871d1068c96de5e85a89daaec6df",
  "spec/acceptance/nodesets/docker/ubuntu-14.04.yml": "dc42ee922a96908d85b8f0f08203ce58",
  "spec/classes/xinetd_init_spec.rb": "1c84f3356f3842223cddca518d41f1bd",
  "spec/defines/xinetd_service_spec.rb": "713a05f919e85bef879e4b7daca1169f",
  "spec/spec_helper.rb": "05a3850d4b95159298b38ddad4bff9a4",
  "spec/spec_helper_system.rb": "a8b3b2c2614853b700179d53eb5d549b",
  "spec/system/class_spec.rb": "b1dcb446277f3bb1916f3528acb73742",
  "spec/system/service_spec.rb": "70e460d61848c190501cb8d9158520e7",
  "templates/service.erb": "b9e5b55f501101e2f4b4f9279ad3e37b",
  "templates/xinetd.conf.erb": "da10e9412989e74077f7830e3dfd2a20"
}