{
  "name": "puppetlabs-apt",
  "version": "8.3.0",
  "author": "puppetlabs",
  "summary": "Provides an interface for managing Apt source, key, and definitions with Puppet",
  "license": "Apache-2.0",
  "source": "https://github.com/puppetlabs/puppetlabs-apt",
  "project_page": "https://github.com/puppetlabs/puppetlabs-apt",
  "issues_url": "https://tickets.puppetlabs.com/browse/MODULES",
  "dependencies": [
    {
      "name": "puppetlabs/stdlib",
      "version_requirement": ">= 4.16.0 < 9.0.0"
    }
  ],
  "operatingsystem_support": [
    {
      "operatingsystem": "Debian",
      "operatingsystemrelease": [
        "9",
        "10",
        "11"
      ]
    },
    {
      "operatingsystem": "Ubuntu",
      "operatingsystemrelease": [
        "14.04",
        "16.04",
        "18.04",
        "20.04"
      ]
    }
  ],
  "requirements": [
    {
      "name": "puppet",
      "version_requirement": ">= 6.0.0 < 8.0.0"
    }
  ],
  "template-url": "https://github.com/puppetlabs/pdk-templates.git#main",
  "template-ref": "heads/main-0-g51828b4",
  "pdk-version": "2.2.0"
}
